X1,X2,T,Y
0.4967141530112327,1.3993554365860021,1,5.182633496217835
-0.13826430117118466,0.9246336829127688,1,2.893436135774529
0.6476885381006925,0.05963036992017413,1,3.5275040717946355
1.5230298564080254,-0.6469367777055739,1,4.026646748298322
-0.23415337472333597,0.6982233136135899,0,1.555987197051506
-0.23413695694918055,0.3934853854217496,0,2.5058652604628175
1.5792128155073915,0.8951932200277323,1,5.649306047819078
0.7674347291529088,0.6351718016819695,0,1.900579232413873
-0.4694743859349521,1.0495527153193351,1,3.5323462058398465
0.5425600435859647,-0.535235211560568,1,2.119201665292171
-0.46341769281246226,1.3173940656343257,1,3.813676498173483
-0.46572975357025687,0.19759960469239965,0,0.3153418226217634
0.24196227156603412,2.0752608726252655,0,3.7749182819713805
-1.913280244657798,-0.6891878180895679,0,-1.877238200045133
-1.7249178325130328,1.7359638031652493,1,2.952663012754593
-0.5622875292409727,0.1979107834626478,0,0.3178443335194734
-1.0128311203344238,-0.6514180036144483,0,0.2051765519777935
0.3142473325952739,-0.48388583405432156,0,0.6697401154819966
-0.9080240755212109,-0.32034730819432017,0,0.6879071380240698
-1.4123037013352915,0.4241659464019164,0,0.4189381261257582
1.465648768921554,0.5228354880354996,0,3.2295176206247467
-0.22577630048653566,-0.573700003938579,1,2.384890269233645
0.06752820468792384,-0.02435459226098284,1,3.2400722615350666
-1.4247481862134568,2.1422703586118637,0,0.7536858827256019
-0.5443827245251827,1.7275431701007113,1,4.04371874850015
0.11092258970986608,0.4363236696740321,1,3.9698252449760587
-1.1509935774223028,0.03800347816820029,0,-0.13743869099115527
0.37569801834567196,0.1200313267182613,0,0.7931344216621458
-0.600638689918805,0.6135179727304166,0,0.986677057522877
-0.2916937497932768,-1.0227925651984056,0,0.5375664431360633
-0.6017066122293969,-0.2573765374233451,0,0.7643627081146177
1.8522781845089378,-1.6685840738775894,0,1.1526921059483326
-0.013497224737933921,0.39922312260527926,1,3.8614505363963882
-1.0577109289559004,0.647195939702741,1,2.4062315005628148
0.822544912103189,-0.483186462299374,1,2.487422656390456
-1.2208436499710222,1.5739867632900328,1,2.8909101192542335
0.2088635950047554,-1.2257656630023412,0,0.7645423162565131
-1.9596701238797756,-1.4643748802098202,0,-2.561041545004248
-1.3281860488984305,0.22445181855997204,0,-0.22542622002596752
0.19686123586912352,1.0470983026121545,0,2.094040440343838
0.7384665799954104,1.6839276914578687,1,6.3744625662397825
0.1713682811899705,-0.45888426286894,1,3.525463476002062
-0.11564828238824053,1.0786808334312956,0,3.072422667767122
-0.3011036955892888,-0.03850846950070721,1,2.5808652297099783
-1.4785219903674274,-0.17262729994081963,0,-0.5033370459346994
-0.7198442083947086,0.8836599374866724,1,2.405494454381568
-0.4606387709597875,0.6523228784134196,1,3.9301513205127696
1.0571222262189157,-1.5763921569842494,1,1.896840293600699
0.3436182895684614,1.4765403497258958,1,4.928546421175671
-1.763040155362734,1.3800913541474515,0,0.06839993496829555
0.324083969394795,-0.6255627015095294,0,0.40408785451591755
-0.38508228041631654,0.39580353343740904,1,2.5920900374962423
-0.6769220003059587,0.4940301862827388,1,2.5131705556388715
0.6116762888408679,0.2606737658239071,1,3.602788703090286
1.030999522495951,-0.5503051538454201,0,1.2065599711879922
0.9312801191161986,-0.6716233679380516,1,3.6763237070683004
-0.8392175232226385,-0.025554070991445278,0,-0.41720299074534384
-0.3092123758512146,1.1727290192593647,1,3.9737873569150834
0.33126343140356396,0.5436001545944323,1,4.483843162150776
0.9755451271223592,-0.37061433208610595,1,3.348332612779555
-0.47917423784528995,0.7716987106483447,0,0.9335650274292537
-0.18565897666381712,-2.8485426206300755,0,-2.149463909884018
-1.1063349740060282,1.1487657003721035,0,1.6322933305464304
-1.1962066240806708,-1.7397137787780996,0,-1.8388665873820915
0.812525822394198,-0.36244094140313216,1,3.1844777336872667
1.356240028570823,-1.1196698946261439,0,1.4785084595386988
-0.07201012158033385,-1.2946814757209058,0,-0.9178376722194512
1.0035328978920242,1.1608267873785194,1,5.505039440492018
0.36163602504763415,-0.46770120131189136,0,1.0982384775866265
-0.6451197546051243,0.3465038817307158,0,0.5474798915561494
0.36139560550841393,-0.04692057887918407,0,0.8951821274056144
1.5380365664659692,0.47704082722312147,1,4.5717369325473625
-0.03582603910995154,0.07682189106025536,0,1.3084045201232588
1.5646436558140062,-1.2829922241885696,0,1.8961416828699673
-2.6197451040897444,0.99626681944714,0,-0.9421321581570017
0.8219025043752238,-0.4937565831613125,0,1.5573392729896536
0.08704706823817122,-1.556581898659751,0,-1.5130483397226142
-0.29900735046586746,-0.4281151609659125,1,1.9805686232396202
0.0917607765355023,1.5007597906343109,1,4.576991100734363
-1.9875689146008928,0.8502217421134929,1,1.4078111190216833
-0.21967188783751193,-0.3486521344078592,0,-0.036577209640169084
0.3571125715117464,-0.3492577043184288,1,2.6739650889588744
1.477894044741516,-0.3216350512173826,1,4.30235535768732
-0.5182702182736474,2.076747983560841,0,2.4648132560840064
-0.8084936028931876,0.38193545223155334,0,-0.5456737673241203
-0.5017570435845365,0.43004164719106963,0,-0.132065472711
0.9154021177020741,1.0302834540318422,1,4.642252982805329
0.32875110965968446,0.23878915902651351,0,1.796383561712974
-0.5297602037670388,-0.2590421458207031,1,0.8374452290496408
0.5132674331133561,-0.19634984908497827,0,1.0670524959525627
0.09707754934804039,-0.07160125941406395,0,0.7623523616752659
0.9686449905328892,-0.03722223650984159,0,2.6255916431272714
-0.7020530938773524,0.7276295436369798,1,2.8330655439031958
-0.3276621465977682,0.05194588580729943,0,0.9157782315799954
-0.39210815313215763,0.7326400772155792,0,1.4111604941271534
-1.4635149481321186,-0.08071658010858232,0,-1.6095147681443012
0.29612027706457605,0.07863519031609059,1,3.7588590756965354
0.26105527217988933,-1.9982006845321076,0,-0.6294471596240744
0.00511345664246089,0.9163276747024814,0,2.175575451182237
-0.23458713337514692,0.3464884758979927,1,5.0750201957410095
-1.4153707420504142,0.9980101098596522,0,-0.45941710194005625
-0.42064532276535904,-2.8962553781936893,0,-1.4545523760784942
-0.3427145165267695,2.0883747047807275,1,4.60193642855378
-0.8022772692216189,-0.13958962815517376,0,0.20179755482471198
-0.16128571166600914,1.1081828167375165,1,3.9241409824208864
0.4040508568145384,-1.0399059271255309,0,0.15202676298998583
1.8861859012105302,0.6127739050625697,1,5.214043342153721
0.17457781283183896,-1.0534155631736561,0,0.2859166174446873
0.25755039072276437,-0.6237689606958051,1,1.8751945816911197
-0.07444591576616721,1.9140313538667861,0,3.2148750218615016
-1.9187712152990415,-0.19068240076334658,0,-1.317550818505015
-0.026513875449216878,0.21743287317972287,0,0.625884328210327
0.06023020994102644,0.8700677306887542,1,3.7052915116318736
2.463242112485286,0.49568188797260465,0,4.587498608889177
-0.19236096478112252,0.15041890514357642,0,0.6903903968543423
0.30154734233361247,0.3649610024662254,0,1.845735153904648
-0.03471176970524331,2.403415585238275,1,5.003225677675295
-1.168678037619532,-0.05761879703358539,0,0.15266409030869235
1.1428228145150205,0.2010990467149675,1,4.68667573062509
0.7519330326867741,1.050654396007612,1,5.726891845342592
0.7910319470430469,1.1055259329579838,0,2.808775907251423
-0.9093874547947389,1.1870303055603801,1,3.6119702531445945
1.4027943109360992,0.6387302220291846,1,5.090558302734756
-1.4018510627922809,-1.1430049127304835,0,-0.8969200845912573
0.5868570938002703,1.633431532301096,1,4.860872432297001
2.1904556258099785,-1.146345393018688,1,4.416612889229931
-0.9905363251306883,0.30263546523903323,1,2.214750492050004
-0.5662977296027719,-0.7542758500193579,0,-0.35266766817637873
0.09965136508764122,-0.06413834659299254,1,3.081389260718835
-0.5034756541161992,0.3287624103034804,0,0.9514069544006198
-1.5506634310661327,0.32135721545027307,0,-0.2874207371768387
0.06856297480602733,0.42192075423528475,1,3.597840320626575
-1.0623037137261049,1.613711269058647,1,4.340466584113635
0.4735924306351816,0.45353430151397983,0,2.4198515749567706
-0.9194242342338032,-0.24415663529064868,0,0.27099642672399643
1.5499344050175394,0.9640871682883573,1,5.286251810293962
-0.7832532923362371,1.1894704889246406,1,2.9615967824742415
-0.3220615162056756,-1.2276078151369925,0,-0.07201905222379162
0.8135172173696698,0.597400069849858,1,4.848940683484425
-1.2308643164339552,0.7011727423108983,0,1.206643763752434
0.22745993460412942,-0.29756350335999193,0,0.6279061182595228
1.307142754282428,1.3757068133116195,1,5.568075239913874
-1.6074832345612275,-0.15005558703252672,0,-1.5772809028564714
0.1846338585323042,0.12557645347154225,0,1.11397475897341
0.25988279424842353,-0.1730718242838696,1,3.5850962252542775
0.7818228717773104,0.015579047581467534,1,3.5641542297446787
-1.236950710878082,-1.0962750868952018,1,0.9870140998271282
-1.3204566130842763,-1.4400508825942944,0,-1.8557590486774764
0.5219415656168976,1.5945050632249722,1,5.278475142952651
0.29698467323318606,-0.8469613483183278,0,-0.12382236999297547
0.25049285034587654,-0.9913923494563072,1,2.30170522570652
0.3464482094969757,-2.153390113603715,1,-0.30250988955710056
-0.6800247215784908,-0.6389617476895022,0,-0.4124345483489854
0.23225369716100355,-1.3230897934074983,1,1.0939272818959354
0.29307247329868125,1.642015160136369,1,5.538084891708459
-0.7143514180263678,1.0098170893426341,1,3.684169347698522
1.8657745111447566,-0.6881503451777238,0,2.410959656950073
0.4738329209117875,2.2524358053443088,0,4.486771839835786
-1.1913034972026486,0.9817654869915943,0,0.31600372937652704
0.6565536086338297,-0.32483138350862245,1,4.205403824082986
-0.9746816702273214,-2.499405714873573,0,-2.0079916029707023
0.787084603742452,2.2909425725907417,1,5.959749532723721
1.158595579007404,-1.389572466763596,1,3.33683318583528
-0.8206823183517105,-1.6453987469568918,0,-2.0192278215144195
0.9633761292443218,1.0225704320096403,1,4.573689480490125
0.4127809269364983,2.439752406339273,1,5.548238471655921
0.82206015999449,1.3842728185105182,1,4.9418441244730005
1.8967929826539474,0.5639091200523596,1,4.93242328132618
-0.2453881160028705,0.594754341665286,0,1.960907759210078
-0.7537361643574896,0.8534155587803077,0,0.9702521942379022
-0.8895144296255233,0.7589285897867651,1,3.045666644339682
-0.8158102849654383,0.2811914239693758,0,0.18020545579709724
-0.0771017094141042,0.10420110395187607,0,0.11679774426351319
0.3411519748166439,-0.06259312789952241,0,1.4135875261128326
0.27669079933001905,-0.7539645888666763,1,1.5665987227534544
0.8271832490360238,-0.28067507686677406,1,3.512191149126515
0.01300189187790702,-1.6929568141953855,0,-1.3641124417338837
1.4535340771573169,-0.09833962679474989,1,5.348832449977971
-0.2646568332379561,-0.9885911071509175,0,0.2024334206984873
2.720169166589619,-1.103589317215771,1,4.6694567450095885
0.6256673477650062,0.17989415115347845,1,4.437414837745819
-0.8571575564162826,1.3920022863445993,1,3.1116867411954487
-1.0708924980611123,0.918316606002313,1,3.119163797276247
0.4824724152431853,-1.570500603623177,0,0.01187702847936492
-0.2234627853258509,-0.9896281365703375,0,-0.08108088122935339
0.714000494092092,0.9407711879882159,0,3.2909484321336917
0.47323762457354485,-0.9824873935383096,1,2.8569962824251363
-0.07282891265687277,-0.2246331499970246,1,2.8468997687586146
-0.846793718068405,0.5500520990245519,1,1.8758146628419987
-1.5148472246858646,-0.9683444548636353,0,-1.9632148271892318
-0.4465149520670211,0.1053755061459599,1,2.5975060872810767
0.8563987943234723,-1.3340254949182044,0,0.5690594865435935
0.21409374413020396,-0.6013676439512137,0,0.047624237842028405
-1.245738778711988,0.31978193414253697,0,1.2798814932197595
0.173180925851182,-1.5929937335316693,0,0.3383842199462992
0.3853173797288368,0.440474737960399,1,4.126851277885478
-0.883857436201133,-0.019637798926681216,1,2.1325231955140582
0.1537251059455279,0.5524899544171478,0,1.6001105754121
0.058208718445999896,0.22391413406466143,0,0.8061636224995437
-1.142970297830623,1.3641404299738442,1,3.259910391402652
0.3577873603482833,0.12522450264790727,0,1.6118881330675658
0.5607845263682344,-0.429405541125253,0,0.510498697502169
1.083051243175277,0.12229750303228377,1,4.372436954830009
1.053802052034903,0.5432980290363879,1,4.519470556658916
-1.377669367957091,0.04886007032570433,0,-1.2827130765700823
-0.9378250399151228,0.04059169120388238,0,-0.32742585410099134
0.5150352672086598,-0.7019916878067554,1,2.606240812691082
0.5137859509122088,-0.6629009175509482,0,1.794728862031356
0.5150476863060479,-1.4026052717996935,0,0.3907189767732336
3.852731490654721,1.7495767431869393,1,7.934567449291714
0.570890510693167,-1.243863235391285,1,2.5700454200107004
1.135565640180599,-0.6929051977959073,1,2.669008447915509
0.9540017634932023,-0.7184072655691974,1,3.7769400248675415
0.651391251305798,0.8949243769444413,1,4.3107533023413005
-0.3152692446403456,-0.2949496782920278,1,2.342962982698041
0.7589692204932674,1.2477420726737338,1,5.6696096169380965
-0.7728252145375718,-0.6734906242438685,0,-1.0898976230735653
-0.23681860674000887,0.27899416222380197,0,0.3436164629272974
-0.48536354782910346,-0.8353470532597573,0,-0.6125102642618632
0.08187413938632256,2.1451491277733883,1,5.746212692669369
2.3146585666735087,-1.1875984190295128,1,3.3673871099055748
-1.867265192591748,0.3098207102270275,0,-1.973522281420005
0.6862601903745135,0.6337768809320985,1,4.094457642102112
-1.6127158711896517,0.41379909745149823,0,0.07695362621730678
-0.47193186578943347,-0.1852876588777083,1,2.942911350202273
1.088950596967366,-0.12982069973342616,1,3.7275492161912402
0.06428001909546277,0.0438114719791096,0,0.9023781875165711
-1.0777447779293061,-0.14700200162848862,0,0.35220358757007886
-0.7153037092599682,0.9638791167949097,1,2.313704557687231
0.6795977489346758,2.2105230015913513,1,5.695860362934523
-0.7303666317171367,-0.5574917850078336,0,-0.19264647176244137
0.21645858958197486,-1.3698029795790778,0,0.07126497064541415
0.045571839903813784,-0.08828204835125482,0,0.7023864449571178
-0.6516003476058171,2.5797093376543185,0,2.9453294959014222
2.1439440893253257,-0.8036745679697308,0,1.0961058446491
0.6339190223180112,1.6391168054440675,0,2.9439116215951544
-2.025142586657607,1.6777008140764407,1,2.879312583696067
0.18645431476942764,-0.5535882417079946,0,0.1417190559340934
-0.661786464768388,0.5689830791852754,1,2.936688725211686
0.852433334796224,1.628396623128538,1,5.704266208326111
-0.7925207384327007,-0.3791277409874871,1,1.6570769201509297
-0.11473644146689901,-0.20358036010236177,1,2.7669150839290246
0.5049872789804571,-0.5816809139486437,1,2.4419400823895074
0.8657551941701215,-1.0147567306928669,1,2.7476928236292313
-1.2002964070557762,-0.6492775450660071,0,-0.5444658673271721
-0.3345012358409484,-1.2239402667622565,0,-0.4799550221189878
-0.4749453111609562,0.03408346825922607,0,0.2658725223163021
-0.6533292325737119,-0.7699732310586418,0,-0.31119426148695717
1.7654542402810969,0.2337859117907477,1,5.356545047390153
0.40498171096095553,-1.5558956462036273,0,-1.1758845745314108
-1.2608839543350452,0.33088023221445706,1,2.6495333103573606
0.9178619470547761,0.8335289616089246,1,4.583263539323164
2.1221561970126332,-1.9937356425714554,0,1.341165521061293
1.0324652605511468,0.37405656984757213,0,3.005145292221333
-1.5193699659540134,1.2276689924732922,1,2.0224621779040457
-0.48423407286625136,-1.2096410186912054,1,0.95140440722877
1.2669111491866227,1.6725723868377034,1,5.795209188086473
-0.7076694656187807,0.4190190093660452,1,2.3194727831850503
0.44381942814622843,-0.7050118557584089,1,3.6062758603062237
0.7746340534293368,-0.05576907765770601,1,3.290478928858234
-0.926930471578083,0.5583269125217224,0,0.35362305120020615
-0.05952535606180008,0.0760053914124115,0,1.1186745511520997
-3.2412673400690726,0.5387559924463692,0,-2.303586110660748
-1.0243876413342898,-0.9206735930793662,0,-1.142901590291788
-0.2525681513931603,0.169360824036078,1,3.0755193032680053
-1.2477831819648495,-1.4137144969049802,0,-1.8279278810610853
1.6324113039316352,-0.11122606134870032,1,4.4744918131329605
-1.4301413779606327,-0.9039076414647897,1,0.4012849243503922
-0.44004448669698376,-0.7355299425897666,0,-0.9328095838771338
0.13074057728609134,1.2360931752104374,1,4.527630358166148
1.4412732890661155,1.091310120594269,1,6.410049945484006
-1.4358621511794394,0.609138120907177,0,0.1824767851194567
1.1631637521549596,-1.092312764672579,0,1.1834830461061554
0.010233061019587049,-0.3164084496948019,0,1.040185988883215
-0.9815086510479509,1.2130976999791834,0,0.5969238006578829
0.46210347426327075,0.14171691363990474,1,4.4550777169679785
0.19905969557347003,2.319329539981694,1,5.619553633766565
-0.6002168771587947,0.39331783939437187,1,3.6090294117801314
0.06980208499001891,0.1920491164900316,0,0.8953347037180558
-0.3853135968617602,-0.3091164642025014,0,1.2146009002146507
0.11351734525124804,0.1335409047822823,1,3.634635997050922
0.6621306745210467,-0.1524698363805439,1,3.7861808810666817
1.586016816145352,0.7081086766885905,1,5.411137720010517
-1.237815498826849,0.9567023167945841,1,2.5946225089305104
2.1330333746562666,-0.7859894605079495,1,4.9473097433852535
-1.9520877995225019,-1.331232953557778,0,-2.213140818156256
-0.15178509503558332,-1.8362053731032966,0,-1.971525319932456
0.5883172064845765,0.5079913269125437,0,1.537715302543619
0.28099186773503265,-1.1033666061738736,1,2.0847023854647855
-0.6226995198205938,-2.152890592952483,0,-1.6205906211902992
-0.20812225035727522,0.3885786045309641,0,1.152162109723741
-0.4930009346588328,2.4929995174327906,1,5.60948397767079
-0.5893647569442115,-0.006070911539893324,0,-0.5709866005034172
0.8496020970210246,0.8384907744516419,0,2.7598868397252465
0.35701548596504734,0.08182935854756501,0,0.5298552318190349
-0.6929095952606542,-0.09888965319114267,1,2.5880568992902875
0.8995998754332507,0.9190764829877686,1,4.771447001200018
0.30729952087660933,-0.29027454418865134,1,3.226829962700017
0.8128621188389601,0.26739231407190295,0,1.6483129526159797
0.6296288419236122,0.3216978061960136,1,4.591059113948502
-0.8289950109220723,-0.6680904536430488,0,0.02377686746430463
-0.5601810401969696,0.9920423495365228,1,3.723633460845497
0.7472936051232618,-0.17495975669540864,0,1.5075752249961327
0.6103702654334648,-0.7557451594928447,0,1.1445537485881863
-0.020901593964148132,0.5365098435704035,1,3.1621619656125812
0.117327383308782,-0.8984679817910373,1,2.646637231028101
1.277664895788425,0.028181157369128247,1,5.130586500319514
-0.5915713888358299,-0.009118996644203544,0,0.9346148945095596
0.5470973811700379,1.085895565831578,1,4.268191712097911
-0.20219265243389406,0.4746982328799528,1,3.45321423908261
-0.2176812032272203,-0.025026958745143917,0,0.1107210661483119
1.09877685198719,0.8177662992002871,1,5.202738306775315
0.8254163489880298,1.3902075490173134,0,3.4409256044366123
0.8135096360006385,0.5578103063518622,1,3.4364117725864185
1.305478807154329,0.010352619843380607,0,1.734939505041528
0.02100384163275905,-1.3118362323501596,0,-0.432401839089284
0.6819529712949639,-1.0651136630753726,0,0.46640943464917817
-0.31026675659345604,-0.30522470435466764,1,1.7797700713424738
0.3241663524884421,-0.6095122021592831,0,0.9091435150052509
-0.13014305436768459,-0.186971302985446,1,2.8086224471171253
0.09699596499271819,0.056649924897107164,1,3.0565113239005655
0.5951570254369136,0.5296927543567308,1,3.746954029714463
-0.8182206832334725,-0.07049877805909122,1,2.635634101915718
2.0923872756854602,0.4865016438262019,0,4.40659247605581
-1.006017381499702,0.06447441481012024,1,1.8166762913871497
-1.2141886127877322,-1.9754665663538713,0,-2.495738637719014
1.1581108735000678,-0.9393353938187543,0,1.4643793123873114
0.7916626939629359,-0.14408755572161547,1,3.4685604483678274
0.6241198170521551,-1.2096947428411076,0,0.3447264738794305
0.6283455092642799,0.5999287299962045,1,4.59810081512282
-0.012246772846914623,1.5307508323436974,1,3.5638260157431363
-0.8972543714858315,1.2187618516973167,1,3.98065864263782
0.07580455819372633,-0.213442870930208,0,0.898701949428189
-0.6771617115121117,1.490726136849952,0,1.6078178530567504
0.9751197334177512,0.14866745720211155,1,4.079170113509138
-0.14705738150213865,-0.33708597111803934,0,0.49707132489008143
-0.8254971967925115,-0.6134026635409398,0,-1.304500512055914
-0.32138584165299344,-0.30246968648812833,1,3.1236135855854963
0.41293145427562433,-0.38817681854122876,0,1.0454174518697048
-0.5637245528039747,0.1704162223754877,0,0.8281927347952006
-0.8222203955664315,0.1605739810498646,1,2.814128470770455
0.2436872114919123,0.0030460201534144695,0,0.7361520028651767
0.24496657110872277,0.43693816974634986,1,3.918640690372687
-0.5069431753711298,1.1906462747863413,0,1.5498825539658148
-0.4710383056183228,0.9495541354413237,0,1.9019012174312477
0.2320499373576363,-1.4848979684499035,1,0.6835382587319851
-1.4480843414973241,-2.553921134901955,0,-3.0515526265199133
-1.4074637743765552,0.9343199112392737,1,2.2254458089707376
-0.718444221252436,-1.366878698415421,0,-0.8691914443507793
-0.21344715171184725,-0.22476540189268354,0,0.7968095400795703
0.3109075655980046,-1.1701130260593595,0,-0.21301840787236787
1.475356216949552,-1.8019804375800197,0,0.31728884728151074
0.8576596232020194,0.541462728204788,1,4.343789667128142
-0.1599385299634271,0.7591551603026468,0,1.1508955166816155
-0.01901620790268883,-0.5765104007267194,0,0.8254652390966551
-1.0025293646378088,-2.59104229214491,0,-2.778175257006442
-0.01851313599238993,-0.5462444482524828,0,-1.0182516939056934
-0.2886586389201383,0.3918040054025465,1,2.915734338171505
0.3227185603380895,-1.4789115687741288,1,1.3245350811419745
-0.827230943552323,0.18335991977915564,0,-0.45950893150364003
0.5193465142411723,-0.015309849172995557,1,2.8853233459568908
1.5327389130025777,0.5792914996010884,1,5.166734648520151
-0.1087601484568576,0.11958036841415326,1,3.6751406340814112
0.40171172209894146,-0.9730689408815555,0,0.585235018149876
0.6901439917111125,1.1965715016644913,0,2.5834637992677343
-0.40122047188583626,-0.15852957302697002,1,2.668202052672545
0.22409248181041677,-0.02730453950993186,1,2.967242787190989
0.01259240078179486,-0.933267959073196,1,1.7320242571270263
0.09767609854883172,-0.4432822511915103,1,2.0772125132408292
-0.7730097838554665,-0.8848027140269009,1,0.46627309874177314
0.024510174258942714,-0.172946059923423,0,0.6566022610557971
0.49799829124544975,1.7117084801423434,1,5.288733516347859
1.4511436077950417,-1.3719011429313563,1,3.0309306298562406
0.9592708260852069,-1.6135613978767411,1,2.1377259642347863
2.1531824575115563,1.4711703274936085,1,6.1514797546567745
-0.7673475628880495,-0.20932367715186612,0,0.32745185580256864
0.8723206367206782,-0.6690727386599166,1,2.544681938087469
0.18334200573835174,1.0399046873960764,0,2.611260650056166
2.1898029332176723,-0.6056155397368641,0,2.0830788840174455
-0.8082982853551515,1.8260097135469362,0,1.641493809515267
-0.8397218421807761,0.6779258713392691,1,2.1048114338506547
-0.5993926454440222,-0.48791140814570266,0,-0.33800512703254315
-2.123895724309807,2.1573082132655035,0,1.521068718194686
-0.525755021680761,-0.6057149230033384,1,2.126344099537879
-0.759132661553698,0.742095372009307,0,1.4721737664696266
0.15039378647620763,0.2992925804064919,1,3.7107576398496676
0.34175597577715944,1.301741289398798,0,2.091662350910773
1.8761708392158862,1.5615111967268527,1,6.272287423778961
0.9504238381860503,0.032004149065766624,0,1.5923284226930854
-0.5769036556624031,-0.7534178703461835,0,0.33496592601093356
-0.898414671348358,0.4599721429391164,1,1.9631631483776029
0.4919191715065057,-0.6777153697521061,0,1.261052646448955
-1.3202332070206422,2.013387247526623,1,4.139630975560365
1.8314587658543537,0.13653533108273744,1,5.882804197795135
1.179440120721287,-0.3653215513121087,1,3.6092752730944295
-0.4691756521047048,0.1846803058649084,1,3.071665733550285
-1.7131345290908775,-1.3471262895296965,0,-0.9194349003511526
1.3538723741654128,-0.9716140385106515,1,3.0734374971879133
-0.11453984525261789,1.2004139079444254,1,3.318353938925628
1.2378163119734618,-0.6568942789713957,1,2.640917016048184
-1.594427658794367,-1.0469109826819396,0,-1.284982627045641
-0.5993750229537729,0.5366527525272862,1,1.9957026255442214
0.005243699718183166,1.185704154662997,0,2.0047883279122187
0.046980593764742055,0.7189533106650667,0,1.9845904979492892
-0.45006547147924364,0.9960476858058164,0,1.6385699827415299
0.6228499323474987,-0.7567950885694608,0,1.0787772758701242
-1.0676204293825944,-1.4218106667418438,1,0.6217138317759889
-0.1423794850212935,1.5013336519554867,0,2.99838707359089
0.12029563171189886,-0.32267983884213575,1,2.321457602500365
0.514438834058749,-0.25083301645504735,0,0.9251082483744358
0.7116148780888898,1.328194141849058,1,4.653479297302535
-1.1246420918378692,0.5562300094006599,1,2.8466838234940957
-1.5341141707356223,0.45588777208160763,0,0.37197289554351715
1.277676821898509,2.165002344901084,1,6.668291826458847
0.33231401197959165,-0.643518230380143,0,1.2805426150444128
-0.7484865365565536,0.9278401280812372,0,0.5903331578364932
1.551151975522523,0.0570131248970845,0,3.4417771561951764
0.11567463429285867,0.26859227886325693,0,2.1458862240122447
1.1792971840638264,1.5284684264125317,1,6.075576609099231
0.06751848141010895,0.5078357562896237,1,4.466253692085263
2.060747924881987,0.538296079049633,0,2.770732400092733
1.7553408424432044,1.0725073373098022,1,5.5656241116216805
-0.2489641484790735,-0.3649527295428853,0,0.018431391637065087
0.9715709509543554,-0.8392096673390064,1,3.493100945494021
0.6453759495851475,-1.0448091940210336,1,2.0754963857630413
1.3686315575323487,-1.9663565893760018,1,2.78102254282509
-0.9649234605801045,2.056207129940322,1,4.776551741358574
0.6860514599984393,-1.1032083657216831,0,0.9304445443187559
1.0584244868495878,-0.221253623585772,0,1.9790463750945664
-1.7587394864231143,-0.27681329988892067,0,-1.5294894567624095
-1.183258512665775,0.30740669780910074,1,1.7007227020806432
-2.0392321777601006,0.8157372125392968,1,2.4013144874275296
-0.26940683444455776,0.8604734883597454,1,3.980741155867854
0.7175422557959623,-0.5830774385689385,1,3.1149550575382516
1.502357052096028,-0.1671217137864115,0,2.126280565426671
0.07409478041977519,0.28257995048829965,0,0.34377079435238644
1.6286155455712918,-0.24869112618354708,1,3.8444982100455256
-1.3801014582148914,1.6073455760199926,0,2.182953661374963
-1.7033824393551547,0.49097495163825133,0,-0.8526352732181367
-0.05554769889661878,0.7348777860498175,1,3.774069997763739
0.3840654489393073,0.6628812686674127,0,2.5506687042043192
-0.03269474809409311,1.173473857485325,0,1.5133177753900857
-2.0674421000398766,0.18102155870370695,0,-0.794065303945628
-0.08912003951278841,-1.2968319479558466,1,2.0830057812866927
-1.3044695005048532,0.3996879517526416,0,0.10146811220141355
0.6696725488300385,-0.651356893791829,1,4.452517182871594
0.36659824609684827,-0.5286166817497568,0,0.0036819349079937336
-0.9398797863273552,0.5863640187550933,1,3.1758484973696772
-0.5138669173366935,1.2382830714336357,1,3.6380152853987098
-1.0592135218889516,0.02127157673606165,0,0.34801813226544764
-0.06267909727317188,0.3088330125989638,1,3.4668074911754148
0.9551423205012383,1.702214944635238,0,3.290779166581478
-0.9857260463355437,0.24075317948856828,1,2.369525329382695
0.5040465155178444,2.601683114180395,1,5.176778903999096
-0.5302576183724408,0.5655096456315442,1,3.3368757775448
-0.7928728322623442,-1.7607627591558177,0,-1.404556358422899
-0.10703035995455783,0.7533416211045325,1,3.965641345471526
-1.035242322419374,0.38115838488277776,1,2.874975225006979
-0.553649305347182,1.2897527540827456,0,1.919913368840419
-1.1978778925888485,0.6731813512699584,0,0.549348168580248
1.9647251329163893,-0.13845598398377382,1,4.385734980601969
0.03526355197172861,-1.2242982362893657,0,-0.5451450661421626
-0.6997255079925856,-0.20902325728602528,0,0.6846185448100546
0.213979910734222,-0.8505204542093001,0,1.081627159377911
-0.11232804969082982,-0.5805234498047227,0,0.18809328234842038
-0.22096959953322298,0.5885784044206096,1,3.3906101785140237
0.6141667000434252,1.6699045043514062,1,4.8317640168979485
0.7575077100473051,0.3946715298229811,1,4.738557662504009
-0.5305011476105275,-1.1958830620351844,1,1.6063242022001776
-0.57581824064468,0.4446026682201407,0,1.8393931458073354
-0.275051697151644,1.196631486645651,1,3.4824182509041375
-2.301921164735585,-0.6097829043193822,0,-2.1007080185640756
-1.5151910621985523,-0.1340171666729177,0,-0.5334852676086839
1.3668742674445247,0.014688194729197093,1,4.704807231036607
1.6449677135012837,-0.78489831308224,0,1.7522355816452275
-0.24903603955637832,0.648280433843859,1,2.9627638490606305
0.5765569630557664,-0.12094814860778157,1,3.8963125789097703
0.3112501545435361,0.41953244390702776,1,4.091350279723354
3.0788808084552377,-0.8874921778021001,0,2.733251580371275
1.1195749114345768,-0.43745830032341043,0,2.359838011663914
-0.12791759148076653,0.7223813578277714,0,2.1795631209453066
-0.9555404406004258,-0.372833152091767,0,-0.2612253440682963
-1.6064463202575725,1.7269638512334051,1,3.160316462163851
0.2034636358672231,-0.39963618561460235,0,1.0808563358105743
-0.7563507452843033,0.22468472575188592,1,2.0374824453394536
-1.4222537095976742,0.9325908318730899,0,0.5253528618574568
-0.6465728842425266,-1.4183657329330317,0,-2.1411303894801486
-1.081548003614395,-1.7608088119807759,0,-1.404128992843703
1.6871416350725648,-1.5256563145700948,1,2.38073870928154
0.8816397569494505,1.262584103427182,0,3.895933774591132
-0.007972641316617372,-0.5518581458924467,0,0.2751091658077107
1.4799441388900259,2.5581992856682523,1,6.932309933592689
0.0773683076476183,-0.5642475986573886,0,0.19925375594797695
-0.8612842013282637,0.18455130319703697,1,2.1792476649077352
1.5231240772696573,1.5421099525678756,1,6.774499702411552
0.5389100436846587,2.006092888159123,1,4.301098603576242
-1.0372461543264564,2.061503576636398,0,2.662740115354035
-0.1903386780836082,1.2083662305931424,0,2.1870392930603884
-0.8756182533847572,1.0240625258114624,1,2.5449334484980977
-1.382799730964336,0.5925269492011831,0,-0.3279289782877719
0.9261775475316414,0.7783610761666377,1,5.5427351373023805
1.9094166404701305,-0.5511857163285334,1,3.8854774841702313
-1.3985675738191412,-0.8181988834223072,0,-1.7934417125394282
0.5629692366905709,-0.0033744574109520514,1,4.128252050461984
-0.6506425691218269,-0.17018462252492844,0,0.34844924649620174
-0.48712538376469605,-0.4532280493272752,0,-0.40931622136017065
-0.5923939242388692,0.6963874474567153,0,1.2123060109201558
-0.863990769679816,0.9553052085705107,0,0.5784380970705559
0.04852162794482699,0.08840688629184736,0,1.6873392134479772
-0.8309501164110378,1.4775300810552618,1,4.17726544708079
0.2704568257798388,-1.141689114133505,0,0.39477081105730527
-0.05023810944913695,-0.19365945927971812,1,2.9369329618946534
-0.23894804686640975,-0.7168223206028049,0,0.9248236949644721
-0.9075636620415979,-1.86653661707306,0,-1.774257115420545
-0.5767713305683327,-0.08268068584269925,1,1.7496109208785673
0.755391225825756,-0.12174750838328353,0,1.858380673858626
0.5009171876243808,1.513449743242131,1,6.057390455635069
-0.977555244798551,0.6308116845547775,0,0.14587669316330043
0.09933230542922587,-1.024186824329205,0,-0.10558590224697192
0.751387123371789,1.8540925663341883,0,3.8137027087567037
-1.6694052811213718,1.221033695525353,0,0.5246759899011115
0.543360192379935,0.5820977034686158,0,1.6343061056598935
-0.6626237589458467,-0.22648409884983192,1,2.671821070319557
0.5705986685931593,-0.9594392367234797,1,3.7711797928783093
-0.7632591565425169,-0.372206776071053,0,-0.03740020310161621
-1.804882100664519,1.088748619704186,0,-0.16816762582833317
-1.6275424378831627,1.884586305934609,0,0.4825636055247089
0.048084946661381994,1.543243528272189,0,2.7203164655441614
0.25972250172148187,-0.4888494217862741,1,3.3228117515933366
-0.9043166251044086,-1.1196174332890112,0,-0.786350185145729
0.6385924587773739,0.14088624691120394,1,3.778276785229151
-1.6615200622689599,-1.7684393655628516,1,-0.7245952537264646
-0.06607979864731657,0.32316771418478146,0,0.71100609917842
-1.2110161997624567,-0.14760258629866868,1,2.058756877101316
-0.6518361078021592,-0.46603650186824225,0,0.3390132010223914
0.047398671316414016,-1.5947030672667954,0,-1.320169289295748
-0.8604133652839524,0.5136001065697166,1,3.448106230376106
-0.38455554422982535,-0.5327008396619114,1,2.3697792265552637
1.0062928092144405,-1.169916835710288,0,1.5361732960770493
-0.5768918695231487,-2.8722622132816493,0,-3.120217957047356
0.8356921120651418,-0.027514905050636255,1,3.1252651293067863
-1.129706854657618,1.772251596669744,1,3.5680600871284778
0.5298041779152828,1.66125921454787,1,5.44245560591075
1.4415686206579004,-0.45709625658627184,0,2.8826527755351106
-2.4716445001272893,-0.6022120603617805,0,-1.720817103581504
-0.7968952554704768,0.46877425607502377,1,2.5505383621985303
0.57707212718054,-0.9983854391882915,0,0.06550208415930259
-0.2030453860429927,0.30179189981946597,0,1.713746800136048
0.37114587337130883,0.7660802783846903,0,1.6548734388806414
-0.6039851867158206,1.2269332238843076,1,4.437182314554648
0.08658978747289992,-0.10015407647995278,0,0.8442433861896923
-0.15567723539207948,-0.20367375017696587,0,1.4359400507398798
1.1677820616598074,-0.877982586756561,1,3.6292651199328856
0.2544208433012131,-0.82688035403986,1,2.359042744540124
0.3376026620752022,-0.22647889190152676,0,0.851425584260612
-0.4118769661224674,0.3673655068161781,0,0.7850346020206708
-0.48760622407249354,0.9135846262332494,1,3.640136748348375
-0.4325581878196209,-0.8031789506803448,0,-0.19715889039110743
0.39445214237829684,1.4926885689595217,0,2.590235007303466
-0.42098448082026296,-0.2711236010425688,0,0.22507621297835215
0.2897748568964129,-0.021367294348436157,0,1.3076960774075517
2.075400798645439,-0.7472116791478234,1,3.2638220722902096
0.8711247034316923,-2.4242402602729416,0,-0.3240314994468998
-0.32602353216784113,0.8840453963610497,1,3.0681612518348054
1.2012139221639448,0.7368438970924334,1,4.3613916176535055
-0.4080753730215514,-0.2813275571182134,0,-0.53307510369512
-2.038124535177854,0.06699071722487192,0,-1.868080066886927
-1.008086310917404,0.5159392177040995,1,1.8301291552305508
-1.8707919210258557,-1.5625458568865427,0,-2.7878482567276435
-0.35151348404130867,-0.5290526773462948,0,1.0960634073756808
0.0184183791895517,0.7942646796218271,1,3.549743220863777
1.6764373122752827,-1.2542894231692494,1,3.511022942240049
0.32692737376416264,0.2935579321666293,1,3.8207259991839564
-0.21910052880886424,-1.356581804623405,0,-0.5101497403243449
0.8294055811834892,0.46642998243352635,1,4.257113833254019
-2.211135309007885,-0.03564148229748357,0,-1.844423673104991
0.23561455810856594,-1.6151318159055095,1,2.3459465163426625
0.7708651938869668,1.1647393544571714,1,5.839202870163081
-1.4785862457798415,-0.7345915767980492,0,-2.0545071696392334
1.143754043206929,-0.810252437014381,1,2.8214873107493585
0.3384964074944141,0.20056919723094285,0,1.399160433536854
-0.4152879139008013,1.1486373494287152,0,1.2510805380728183
0.6327818661062848,-1.015821818978397,1,2.869942823855821
2.270692857804396,0.06167984984797165,0,2.9682366064490613
0.18186625505849516,0.42881650033057295,0,2.693210789292369
0.24822058630033608,0.6931056072631441,1,4.536600490735278
-0.4593608995402441,0.1764415552772252,0,0.8233676710530885
-0.8498443694647918,-0.3670278390833223,0,0.296620923111752
0.8303358165442456,-0.8275902206487197,0,1.5556958080741803
-0.8560838259088672,0.08614388304637476,1,1.9480863131083859
0.07156623721939247,-1.072139011985607,0,-0.4086813970371969
-0.4776574467651167,-2.9213504834946074,0,-2.3599363987749005
0.47897982574639186,0.4365598041576678,1,4.346357692153032
0.3336621052869483,0.9039348410861953,0,2.3071271456998526
1.0375399442578992,-2.3629324355418384,0,-1.1138907323794378
-0.510016398854747,-1.0097307047099375,0,-0.9211593255401057
-0.26987493529337125,0.6191542610051978,1,3.3122928939146377
-0.9787637157823074,2.0574954697116987,1,4.040898951766476
-0.4442932600761116,0.020793707675407894,1,3.5627715359942003
0.3773004930448522,-0.7280029412291344,1,1.9563035806162188
0.7569886166453519,-0.18289644110484016,0,1.826886796458449
-0.9221653241776254,1.3748764191481848,1,4.197267649134704
0.8696059201056602,-0.6459641791245353,0,2.3593666136925227
1.355637858804951,-0.7991920066502536,1,3.354247140562717
0.41343490322370086,-0.4827435221820324,1,3.1764061074017684
1.876795812558066,-0.9533286082587124,1,4.208347382898677
-0.773789199103573,0.12267031599479553,0,0.4466219826678679
-1.244654703311417,1.6246784584695606,0,1.3306011545384906
-1.7787202489042786,0.3230792731160291,1,1.7623467189617734
1.496044311489183,-0.2523535021262876,1,2.977567766753053
0.6543656563540577,-0.2918112689155441,0,1.7035891324698291
-0.05558467091045507,-1.563190808696657,0,-0.5556865277761285
0.2799686263198203,0.883109777147159,1,4.0518409550778465
-1.1254890472983765,-0.07783719701280203,0,0.8201048535486004
2.4457519796168263,-0.18047991359062565,1,4.927805056630925
0.1292211819752275,3.193107567844861,1,6.120790755287573
0.10939479460489289,0.29875290836568624,1,4.403924354072946
0.725766623898692,-0.7517910500951843,0,0.5579449213785793
0.4810092317367132,-0.4263575962055433,0,0.7795939940629004
0.22388402427913137,1.1484457091967548,1,4.2988170217604615
-0.7904744554453119,0.11327041053776446,1,2.7431631961572274
0.4714683571359957,-1.4382779783173667,0,0.13709163249528566
1.8820244964750337,0.9192289345752035,1,5.154940757474106
1.3454200461549777,-0.668144085538994,1,3.4111916790523886
1.593186626639397,1.8732977762175456,1,6.162807186250837
-0.5112156764311852,1.0800480657146485,1,3.5302218666719405
-0.9896048202585809,-0.4473218956587512,0,-0.22400488660241752
-0.12578692009964815,1.281016361735113,1,4.36433231957945
0.055724912288694604,0.0678555105274033,0,0.23557454579189685
1.0941915184709485,0.8527736751222195,0,3.4789356873735957
-1.6924646297148194,0.48473281729447476,1,1.918552610577967
1.5295503194606137,-0.8463566549908735,0,2.3754596882666936
-0.15800789857898942,-0.643549832317462,0,0.4205414327488845
-0.42688106994742003,1.0299608175811612,1,4.153741226501623
-1.0121043752601675,-0.33477533210654087,0,-0.11360705164164489
-1.6548566718657693,-0.4036484632419967,0,-0.385392257006392
0.8231705839619146,-0.955122579349353,0,1.1291733226214509
0.07331796718840389,0.42359906559346105,1,3.447959409560413
-1.2899608997410539,2.062524919243145,1,4.908781379725532
-1.295078772063616,-1.0675329142542729,0,-0.918093125177943
-0.3357846992901282,0.02421945667275807,1,2.9753069678848365
1.669021525289393,1.4122205554154292,1,5.443089872435654
-0.2595913513636048,-0.07964139124571515,0,0.016613448658911234
-1.5031429531181062,0.4523717962497339,1,2.0955865842025543
-0.24574306408594432,-1.0623935281468797,1,1.7646240066512964
-0.2727235697476705,0.4283070972076486,1,2.84852224495582
-2.6968866429415717,-0.18714426500454878,0,-1.8135395581400904
-0.05429486651781221,0.985729995679863,1,4.725748593183849
-0.23093453020867796,1.1873860515647512,0,2.304152758631223
0.6962063648134184,2.589563642018614,0,3.715265751955663
1.8489560949453452,0.5796331732135757,1,5.372834854587449
1.1265650295477574,0.32579631658216646,1,4.049878105703643
-0.26888869055483056,0.19438430157733602,1,2.7316456528182247
-1.1065259087416703,-0.35316629281068834,0,-0.6665000343671801
2.5733598032498604,0.33848384346169114,1,5.673020855409549
0.05921843401448826,-0.29540141013902943,1,2.1362493378887617
0.013929291912946203,0.1684609762696143,0,1.1185629274234654
-0.024125087110003277,1.3175975356079597,0,2.0131686300743015
0.19808476076785494,-1.0065425652796411,1,0.7268178504870797
-0.14436041192394247,1.1398785611290454,0,3.0220041614559348
-0.5736620068802363,1.3171150673398653,1,4.2878378875679655
-0.5468589412403921,-0.11806852699107874,1,2.146922169306031
-0.03275327021599839,-2.1218548990085946,0,-1.1451986443542939
-0.543424771133765,-0.6078219870944325,1,1.2629260681130217
-0.7128457826771644,1.2969945465611092,1,4.432010202789377
0.10643022769189683,-0.022868062298882122,0,2.0322065127795703
-0.2549772174208553,-0.9993022322949108,0,-0.1759325855925038
1.5039929885826886,-0.5047749212282174,1,4.510983389447143
-2.650969808393012,0.840620026504553,0,-0.722706392421497
1.0915068519224618,0.5467335682013793,1,3.969877700685876
1.246085192497629,-0.23893209916969432,0,1.8012414088461062
-2.0733902324081495,-0.36682441181468756,0,-1.3742506608368585
-0.34268759408034877,-0.3917581490438219,0,0.03828039750410725
-0.37144086599579146,-0.9224101844985025,0,-0.4031776892118121
-1.4075116947178212,1.6153756894694418,1,3.1621642159970635
-0.7778166875908753,-0.3223204692113399,0,-0.14057640573494584
-1.1105758454658288,1.2171585208254965,1,3.1327119206084095
1.7522704434236227,1.5213160519224513,0,3.743283962147773
0.9356783931474612,0.9983108981479604,1,4.575481216731454
1.2715550949941588,-0.4316203127180484,1,3.1976426494261254
0.7216720640432351,0.40373009033660945,1,4.614309929222944
-1.1290517712172292,-0.024195606390916165,0,-1.2060708485283076
-0.5245202662797737,-0.9037018607301281,0,0.14857304464856091
0.48937456122791806,0.324359281721603,0,2.506908541580943
-1.2221278088919454,-1.1790397911598025,0,-1.5522578935430587
0.7129984301723881,1.1876793884615637,1,3.5991092747203024
-0.24032539815813503,-0.4646172972983931,0,0.11440202355982665
-0.3748208075495975,0.2011596558728393,0,0.7942467676788321
0.7109599682034915,0.28328787154614216,1,3.488948729785177
0.44426331148603976,-0.25890497370407733,0,0.9277491408778409
-0.3609661658190799,0.5866938014752747,0,1.9908252350878706
1.159329803364248,-0.47490365662252443,1,4.016889727892594
-1.0810633275998973,0.8712972974572442,0,0.3279519126682969
0.6159356069442637,-1.3459796802467485,0,-0.528843658100201
0.5931012579683838,0.12637957954641182,1,3.55597217870991
-0.3095464393139903,1.9389289990582848,0,2.5226541700690754
0.326133022242118,-1.0003313246055747,1,2.5739012913182013
-1.251113576385303,-0.6777449705248515,0,-1.196516903193984
0.924027019206901,0.513907849658915,1,4.693684656546747
-0.18490213644298903,0.17958178193959795,0,1.9622566655267235
-0.5227230205190395,0.3506300992735592,1,3.2356575899766513
1.0490092258368893,0.4891871301476635,1,4.514152102319167
-0.7043436905427592,0.6347214685617699,1,2.8388025424923633
-1.4084612963635597,1.1096998419562232,0,0.5229019785027279
-1.5566291735239037,0.40981865692851255,0,0.44350993963068114
0.6060099513456396,-0.24125765461854246,1,3.0510955737514456
-1.280429352496283,0.6725737012027313,0,0.4147557032064395
1.7547941819843647,1.8998819348952156,1,6.680275067820123
-2.081929407883722,-0.13263374638257355,0,-1.4654552506720615
1.6964563682900382,-0.9745293046706415,1,3.035694289677346
0.2110174672026184,1.1070806692869728,1,4.479585388298425
-0.09671311187039239,-0.12038116395359824,1,2.7524037382483177
-0.5449190868089497,-2.172669546014036,0,-1.467468398104701
0.39913611435207086,0.8474216771504216,1,3.9797576382829094
-0.037634702424848364,-0.5353281859539227,0,1.0374477610277528
1.1033018820165215,-0.09053328230416077,1,3.5743817091064383
0.11422764866203965,0.33198033056901455,0,2.3022281212400006
0.1503017614618776,0.1904996797790664,1,2.466983186326813
-0.36361221221385587,0.7094518171390395,1,3.5632246372036294
-0.056945623721067457,-0.43548637056984335,0,0.745283346972401
0.3078017688920592,0.5131057981760827,0,1.4231290330977007
-1.7101683926566256,-0.2595466775839172,0,-0.7575181013100365
-1.348185422105713,0.738810480887503,0,1.0303843936618695
0.743264094022715,0.6153674840130534,1,3.2502221583587363
0.17086543812794186,-0.9354387020445953,1,2.486799139828754
-0.18398333635267913,1.0859821161750323,1,2.6553633696573145
0.01843393306539316,-0.535963445114048,1,1.9996380861897411
0.34758170536167105,0.8080577982811451,0,2.9702226860932885
-0.5397596803093615,0.36728731340134063,1,2.536636616395952
-0.7783047254023127,1.8381836767951225,1,3.4729389691883235
0.19584525509768155,-0.22346598237185214,0,0.8734104082334884
-0.978372777615032,-0.3493167961181975,1,2.7062635953485463
0.40825275571447184,-0.01941960588773261,1,2.4729920262237264
-1.7025836042378404,-0.30317978283427544,0,-1.5314183428917882
1.0291556373256436,0.7999419019420501,0,3.5778133808575068
0.472597482413043,-1.616310608436588,1,2.785138045745321
0.25602973431387566,-1.053682419146354,0,0.15063170302237971
0.9826909839455139,-1.067802921579193,0,0.29536171110299947
1.6654744444625766,0.9503075919735757,1,6.663703787340731
1.0143700650181304,1.7106133725819253,0,4.522204633474654
-1.8408742313316453,-0.1044492185374715,1,1.3941500440119996
-1.2795769667357015,-0.16882172319001063,0,-0.8545998643944221
-0.6248185776956788,0.07005216311318138,0,0.4207189149984842
0.026091050210833786,1.1618783026081905,0,2.107789312296609
0.517659020469123,-0.9273531341905741,0,0.7557315385863377
-0.7257438131534656,0.23836898273478513,0,1.2381258886469877
0.18676676447707832,0.9751976297824297,0,2.6016729148282094
-0.7553829323533225,0.5010941699398452,0,0.20702319909414357
-0.6115178029919482,0.1895816165987434,1,3.2663120386165643
-1.4066610968482223,1.0010460925671412,0,0.7509510657254965
-0.9232332461109043,-2.703232292999237,0,-2.2829326411806834
-1.3516846056163336,0.6778753195309076,1,3.059461143553875
-0.9758732529773327,-0.6540756831274238,0,-1.1857390608615321
1.0536417966078395,-1.830632896856457,1,2.2050961103981512
-0.949398888831943,0.5112025995249807,1,2.29607643501343
2.632382064837391,1.3736585451629577,1,6.222110897317621
0.4933179008808892,-0.13744851462769186,1,3.5292243750556573
0.1848361236948739,0.9528745472029388,1,5.393488946690025
-0.8583577801812136,1.6122782579886454,1,2.8338816055545553
0.7003098794089914,1.3149144535840473,1,4.999084027468303
-0.5756378262377739,1.639964529371393,1,4.384598170671006
0.12200981464536144,0.7421274910718922,1,3.925676406545344
2.5600845382687947,0.0754336389015928,1,5.578954150912518
-0.09605989972464987,-1.6019658118971685,0,-1.3476338933447305
1.1492733262856758,-0.24606248812994858,0,2.019604209625809
-0.7031764251258874,-0.8432465953161917,0,-0.9248050089500424
-0.0349884904969617,2.1709427174978138,1,4.040993374511575
1.77080063563551,-0.1758858124323366,1,5.192210933460039
-0.6269670577877674,0.12320480678448567,0,0.9754306589177395
1.8124485579969287,0.5514853760404675,1,5.389764422462936
0.7077519354554754,0.043602446372453724,0,1.8658917259307803
-0.5624667758942676,1.695051040430753,0,2.6697432708942666
0.632407739055521,-0.622649361734452,0,1.1219282057101103
0.9725544496267299,0.1946074552372427,1,4.619170682244629
0.6218099622171964,-0.7424705856980482,1,2.7305982760822234
-1.5702247198904564,-1.3200225112207058,0,-1.234255361824189
-0.7271371758248686,-0.6117690909052854,1,1.821486596236188
-0.24751863555150475,-0.03703679704841202,1,2.8124705392030203
-0.07443342910004629,-0.42930222451725997,1,1.8612338020266779
0.620672097550678,-0.692420979873856,1,3.071729044827676
0.17770100093325383,-1.4063174636718339,0,-0.6445939214858056
-1.3353443587101013,-0.08310557262869477,1,1.2624087053969568
0.3801978510059632,-1.5047203740310022,0,-0.5322103371830996
0.6105857452838231,0.7600559636896026,0,1.8375242430238132
0.5597904479310398,0.08243975293450329,1,4.704615902374024
1.0807807255546218,-1.4575514994649306,0,1.2888987570838926
0.8339221545489041,-0.30920907704986345,0,2.4848968285711712
0.4591800792284367,-0.7521564055905832,1,2.0955761638600716
-0.07016571145864703,0.31917451041918043,0,1.2846356739159797
-1.6609609335159914,1.3404504460231446,1,2.032735699905105
0.42961821913258585,-1.8751724696457446,0,-0.7934016891116906
0.20768768716311115,0.11502607914741717,0,0.863650274602241
0.27157883719537346,-0.1601327955666404,0,1.7312380448495137
-1.2767485758203094,0.6713400764504657,1,2.1964766615792763
-1.0810565404082624,0.21319662823768915,1,2.666329754676435
1.0531528533329035,-0.7519693317388191,1,3.6032439663883435
-0.03955515385665504,-0.31905393566661816,0,1.7932102865291213
0.6815006973726244,-0.796025856803489,1,2.1457527289992733
0.028318376130461172,1.0760071385985983,1,4.733942134622459
0.02975613949574519,0.02131164867194222,1,3.624288223368051
0.9382838059759977,1.9011906857530074,1,5.352785072715488
-0.5160447282173739,-0.060660813814620775,0,0.9268611262045852
0.09612077694098337,-0.7084067669104628,0,0.5557864915436349
-0.4622752887050425,-1.5137143926128271,0,-1.0897278112945736
-0.4344962274323156,-1.803139676255945,1,0.35039635282573944
-0.30917212346863937,-1.5841359430054898,0,-1.252862792198722
0.22213377163371284,0.2671266510114834,1,4.514166470538159
-0.4787486216634773,0.5087250232299338,1,3.030317811045198
1.2557561255735208,-1.5811907020321334,1,3.065630424307117
-0.8946073022195039,0.8950383140761154,1,2.604981321022835
-0.18687164416135904,-0.4830610516834395,1,1.9401408310443822
-0.4397310582741749,0.14679301198554937,1,3.2480543583363457
1.4469778843537329,1.6122206282554243,1,5.384410406833391
0.19655477651157463,0.8968393158655319,1,3.885787208424471
1.0318445394686349,-0.2685306479058323,0,1.7803275970989183
-1.485560373036972,-0.8911922254152874,0,-1.3210662975322334
0.26705026586925884,-2.151815401329305,1,1.0256882220318757
0.889630795623437,-0.7191533192424201,0,1.3683873669289783
0.08228398927542419,-0.21113023882769444,0,1.2175816283566354
1.0654803750653512,-0.987179527151184,1,3.445619620643832
-0.5172884501003722,-0.13125696709230472,0,-0.14144732152659023
1.40934744018558,0.07685188295876821,0,2.34412177417995
2.2988981236192503,-0.22485598180807856,1,5.6714235727496405
-0.36283856043965906,-0.6500025808234597,0,0.4344824525238173
-0.4455025214007718,0.16865467196672768,0,0.03672242482542398
1.453384477117701,0.44194064956940904,1,5.071065076863211
1.5795721457307124,-1.090399077442846,0,0.5000604436004614
-0.5228600271532683,1.41093237974627,0,1.9115398036231865
-0.42018681709585726,-0.09858813228426173,1,3.4301085589928695
-0.2817846088605072,0.018849622944847662,0,0.2631186554498474
-1.344450511034277,0.7082144232565571,0,-0.05339761052351094
-0.9186519464841982,0.23321613126350166,1,2.696579075565733
-1.0041407667520679,0.9531366339132451,0,0.17759510955635427
-0.7677975651041284,0.2871241652018242,0,0.20294908515517618
-0.03468488738678118,-0.6124373746404379,0,0.6510983067636572
0.23421473253652075,0.36150352520610163,1,3.278575333897921
1.5505004928140769,-1.1437262073206618,1,3.2887892918879293
-0.998354040738791,0.10855970577652314,1,2.4822985201952497
0.9843223984765838,-0.0332299906444608,1,4.161865449600404
-0.21398884422550896,-0.2081168572725397,1,2.711303496649652
-0.04946370965243295,-0.12853751143893075,0,0.6524376392736169
0.6748194921666038,-1.881849045497639,1,1.9780010043034424
-1.1227220215622986,-0.5487249077409615,0,-0.7333132693531385
0.3824097461840506,0.09284490114111471,0,1.7041574522880576
0.1664522082130561,0.15985639199740037,0,1.0778425876514675
0.4924512640081491,-1.0276751409259581,0,0.3734916358924204
0.2891686439078181,1.2657078408647007,0,2.059897588496512
2.4553001399108942,-0.8661748482145009,0,2.5716214866932754
-0.637739984251316,0.9694572005267368,0,0.9262167844609985
-0.5309969550018176,0.42719436187168486,1,2.3391741817888705
-0.6231405264247644,-0.646227309843803,0,-0.14003726234087335
-0.5554771191602547,1.775310892609512,1,4.326203661378088
-0.6373871273065177,-1.19363683175648,0,-0.4395870915887115
1.1890165311075518,0.9191541736100015,1,4.892607919930004
1.4205042479898549,1.0005823180429783,0,3.625112989451211
-0.5707462937494763,-0.6706202090766449,0,0.034032283310710454
-0.8323555731042287,1.3924653000643288,0,1.7824966308758974
0.4714155563864041,-0.2500465145989528,0,0.8085422003863801
-0.5522230442809712,0.28869362927985703,1,2.81115232613448
0.6329318177555108,0.2603218387712207,0,2.075323804554062
0.2029230208512997,-0.1343087414705478,1,3.072203512834723
-1.515744114997232,0.8108082731597821,0,-0.7481746710229922
1.5475052013300616,0.793488720552213,1,5.421238733869014
1.7958776730955217,-1.7485319732381808,1,4.153611219555962
-0.6127886904843862,1.3043402428781525,1,3.511531918015275
-0.38770155993598415,-1.6624919880356743,0,-1.414232096899319
0.28586539072490497,1.0325462043416573,0,2.5050858749222615
0.334456789987025,1.1267051368275833,1,4.617351032047894
0.6585442726728304,-1.0909664302151982,0,1.1639454251658394
2.0102045387663496,-0.4108142879545848,1,3.970456172857321
-0.1769472274940494,-1.1057046684859357,0,0.08303823030751112
-0.7982972445384537,-0.21492103028873533,0,0.28199275579854266
-1.3793192280145272,-0.30803428418574125,1,1.2415732193294584
-0.7309300399419191,0.7796605322693398,0,1.2180741512882658
-0.033126972873797095,1.3103087461196083,0,2.79191051404499
1.7945578635177877,1.395683810789956,1,6.626399364321969
-0.5176112990361714,-0.5621680265783021,1,1.3487110183486621
0.2237879516388985,-0.20922187374452778,0,1.424645171272113
-0.016422896072752075,-1.6834381922209503,0,-0.7322053908099615
1.188393273448084,-0.8058700664961888,0,1.4189602559596532
2.5269324258736217,0.9648516330974576,0,4.528382554471927
-0.5308687729203206,1.6155828235482317,1,4.009592556228782
-0.48943944251822213,-1.234348871879922,0,-0.12793456584461171
1.044160877069072,-0.5924642591528942,0,1.4098376379915718
0.6818914896263114,-0.02640575695892703,0,1.0957126684757998
1.8467073257360336,0.2801611588196068,1,4.930103556570776
0.5839281853259639,-0.8096035199216461,1,2.8636720238095554
-0.35929209078705954,0.4240610444640897,1,3.6793763458255553
0.5906548306923093,-0.47383934707091613,1,3.41836282609581
1.1087035805829077,-0.014452270878279104,1,3.6689836703311065
0.820482181197364,0.5462842480036996,0,3.609361387540509
0.5072740311072977,0.0064222698109378164,0,1.6460839564072254
1.066674689589154,-0.4363858905265686,1,4.2679841680620925
1.1692955904456728,-0.10960980392583083,1,3.9838285697312275
1.3821589910375272,-0.08836295920533532,1,4.560475654184916
0.6487098875896427,-0.3700110298821277,0,1.6984331099667171
-0.16711808031685435,-0.25879606266710237,1,3.183183212893171
0.14671368643332283,1.598647170504717,1,5.274045009627152
1.2065089665083568,0.5609194479412387,0,3.2035269144860843
-0.8169356709872361,-0.29548031802916036,1,1.7300406453865493
0.3686733088729012,0.6969544045107356,1,3.7797546924056062
-0.3933388123273607,-0.33381948975600995,0,0.43914545307872815
0.028744822934817487,1.1731246375866413,1,4.668433496691993
1.2784518626072987,0.3696421921980939,1,4.536733704417089
0.19109906801990334,-0.10730214400422888,0,1.616382906872868
0.04643654815614881,0.4477169258102776,1,4.220461846709516
-1.3598561409799192,-1.5708761520684993,1,-0.38889275258512823
0.7462535660272207,-1.1267674689098053,0,0.20102574521927546
0.6454841811410754,-1.1939250063990554,0,0.3813716452893518
2.16325472330546,0.14294309476370676,1,5.460004152163766
-0.30777823495300083,1.732514999485092,0,2.1624532576485658
0.21915032766393897,2.2313001461926323,1,6.126551813290144
0.24938368371075526,0.6380511014407572,1,4.099468215910738
1.5774532797634744,0.5008444749444569,1,5.098021278828301
-0.0952955323869521,-1.801057734152739,0,-1.6143080284739548
0.27902152577033923,-0.5426737997340217,1,2.078439817822564
0.6078965097165392,-0.7877837519082389,0,0.9606173829492034
0.1866091231563581,-0.620847598251116,1,1.4994637118278238
-0.44643361455052827,-0.1681438185847896,0,0.8917412716867179
0.19408999289830758,-0.47209057769712737,1,2.64292249301502
1.073631749859772,-1.9792998103757877,1,3.7158784242813514
-1.0265152994110602,0.7479102561175338,0,1.875353082014529
0.132969674146876,-1.0727430257398065,0,-0.03049788621668889
-0.7001208149391732,0.23924686411114954,1,2.485957547906319
1.1950466289248425,2.0740826697499735,1,6.766920055675831
-1.5231869047837747,-0.9193845915864234,0,-0.5909851914111792
-0.5589218472715883,-2.5302875227463297,1,-0.9082238987359261
0.37721187506452086,-0.2860042218801108,0,0.19801992050706663
1.5655240292343404,1.100959634998571,0,3.3554662614557205
-0.0657502610729878,1.9583474542205939,1,5.183965984734538
-0.5551995266931984,-1.2295495944524168,0,-0.5363123258918167
1.8811570694405901,0.4966992232365217,1,5.912742020169037
-1.448013900416244,-0.46531045678005334,0,-1.5131731213789514
-2.198805956620082,-0.10594835430413566,0,-2.462826242408656
0.4400144500533324,2.6443433470170348,1,6.51336489472144
-0.5020542243526112,-1.5029703283951532,1,0.5808773107696183
-1.0212328171307132,0.25373966149457344,0,-0.7767370878304587
0.7083564472993533,0.4676931717654332,1,4.248581492044478
0.24380071377119883,1.0857863249393471,1,4.726174882819885
-0.5640786307367284,0.09798315347089544,0,0.4728759566735285
-1.2803043986708944,0.3080505395041023,0,-0.2011780522580367
0.8724573282801447,-0.3916485674217911,1,3.4011276447854
0.650201177958661,0.26912694124510733,1,3.734036738003377
-0.09917586377938291,-0.3431922754974105,1,1.883608304753123
1.8466369960476658,0.6215718898560508,0,3.1108685474085007
-1.0700847663261526,-0.36961033604363397,1,1.8209448501371206
-1.5255251709247388,0.37710039390218647,1,2.012414493665698
-0.6919080698812444,-0.029262813684978354,0,0.36285901941718735
-0.045586016355497805,1.1260502507721681,0,1.5828899934899805
0.24333944932269183,-0.05139372358848624,0,1.101194144666372
-0.24123605785632987,-1.7730324682068814,0,-2.1028010492846385
0.3520553965142968,1.2619215007139917,0,2.7032152291709832
-1.251539424190444,-0.9057323008626189,0,-0.4428428711462794
1.4437646040732595,-0.6537663386488198,0,1.0529321994033871
-0.0821511783925688,-0.5956612940434921,1,2.0292236909050616
1.1172958315881276,1.3744380931708173,1,5.65628731411401
0.34272534637770413,-2.1356742139786955,1,1.8334724496127504
0.4567532191537839,3.1377485336599937,1,6.370389444663703
0.5697672802322039,1.0560568090660518,0,2.2796989246653077
0.44770856001731496,0.22323891412915967,1,2.686485902938433
0.6427227598675439,-0.05489400061628639,0,1.639547823905311
1.3291525301324314,0.28555407485765694,1,5.63574462506196
0.19652116970147013,0.5211224283793383,1,3.8563228290631466
0.7090037575885123,0.645215585950057,1,4.343079853946713
-0.08973569428722672,0.5556044660034485,0,1.6269099270997145
1.4401172154494728,0.08958068125524882,0,2.5241518947304207
-0.6763923020592697,-0.1973384203073261,1,1.7197620915033394
1.8009404329108156,-0.1512732836535117,0,3.0613071070961566
-0.04015795064434341,-0.194908280352681,0,0.8778145305588527
-1.4307751021180481,1.1337700968670645,0,0.7118016207158451
0.12810441491078928,0.5935567222808619,1,3.233978123552526
-0.6810516574748808,-2.9403886346642802,0,-1.9696863261717814
0.8406435489887241,0.655900776529761,1,4.82889569818504
-0.6526239793023909,0.19473619471877485,0,0.265651796732733
-0.4461834332147797,-0.018708756445897416,0,1.0360202371802916
-1.889540730945531,-0.38851845308888583,0,-1.5268446032270204
-0.4523063192490767,1.1241127199860135,1,3.2808046544814182
-2.4238793266289567,0.9475264621228578,0,-0.8562044232462424
-1.5839028234857233,-0.7728776678236091,1,-0.24231476785337813
0.7604146561442974,0.4070522871245351,0,2.4032381334779354
0.7858001586508322,-0.971656734541286,1,1.898570984940371
0.42545756178496474,-1.3796181647889305,0,-0.5683825186368471
-0.966976143129213,-0.6267172245899651,0,-1.6314873722584449
-0.047711356141979855,0.8623934723827588,0,1.7716472698453323
-0.0036025390905684044,0.9531250453760867,1,3.8743622761495824
-1.1583646891925428,0.513085420097293,0,0.19137262431156818
1.5033983017671506,0.7250957868479971,1,4.707205241279859
0.8773622905756714,0.5161782871149584,1,3.8074237009723095
-0.22096417382966393,-0.6414815952229522,0,0.3697391627206709
0.02688583899453078,0.43192254467394064,1,3.1835324178142277
0.20838280794755248,0.8004095252276823,0,2.166971493943307
-2.0417348684242906,0.7542913298135743,0,-0.7300678816728277
-0.24717738252059693,1.188913371474643,1,4.032267360339587
-0.6819842479977986,0.7083038472010638,0,1.677958617861297
-1.0016200098949155,0.3514482075415829,0,0.642911097843059
-0.2811002928859549,1.0701502383164274,1,3.5828430363222323
1.7976865268495226,-0.026521259249060063,0,2.899764752778426
0.6408428612670098,-0.8818746512277178,0,0.6386356227741855
-0.5711789897827968,-0.16306696394376388,0,0.26969413862080344
0.5725827813561586,-0.7449026448064491,0,0.6648746104754577
